Source,Target,Type
35,288,Undirected
36,289,Undirected
37,290,Undirected
38,291,Undirected
38,292,Undirected
39,293,Undirected
40,294,Undirected
41,295,Undirected
42,296,Undirected
42,297,Undirected
42,298,Undirected
43,299,Undirected
44,300,Undirected
45,301,Undirected
46,302,Undirected
47,303,Undirected
48,304,Undirected
48,305,Undirected
49,306,Undirected
50,307,Undirected
50,308,Undirected
51,309,Undirected
52,310,Undirected
53,311,Undirected
54,312,Undirected
55,313,Undirected
56,314,Undirected
57,315,Undirected
58,316,Undirected
59,317,Undirected
59,318,Undirected
59,319,Undirected
60,320,Undirected
61,321,Undirected
62,322,Undirected
63,323,Undirected
63,324,Undirected
64,325,Undirected
65,326,Undirected
66,327,Undirected
67,328,Undirected
67,329,Undirected
68,330,Undirected
68,331,Undirected
68,332,Undirected
68,333,Undirected
68,334,Undirected
68,335,Undirected
68,336,Undirected
68,337,Undirected
68,338,Undirected
68,339,Undirected
68,340,Undirected
69,341,Undirected
70,342,Undirected
71,343,Undirected
71,344,Undirected
72,345,Undirected
73,346,Undirected
74,347,Undirected
75,348,Undirected
76,349,Undirected
77,350,Undirected
78,351,Undirected
78,352,Undirected
79,353,Undirected
80,354,Undirected
81,355,Undirected
82,356,Undirected
83,357,Undirected
84,358,Undirected
85,359,Undirected
85,360,Undirected
85,361,Undirected
85,362,Undirected
86,363,Undirected
87,364,Undirected
88,365,Undirected
88,366,Undirected
89,367,Undirected
90,368,Undirected
91,369,Undirected
91,370,Undirected
92,371,Undirected
92,372,Undirected
92,373,Undirected
92,374,Undirected
92,375,Undirected
92,376,Undirected
92,377,Undirected
93,378,Undirected
94,379,Undirected
94,380,Undirected
94,381,Undirected
94,382,Undirected
95,383,Undirected
95,384,Undirected
96,385,Undirected
97,386,Undirected
97,387,Undirected
98,388,Undirected
99,389,Undirected
100,390,Undirected
100,391,Undirected
100,392,Undirected
100,393,Undirected
101,394,Undirected
102,395,Undirected
102,396,Undirected
102,397,Undirected
102,398,Undirected
102,399,Undirected
103,400,Undirected
104,401,Undirected
105,402,Undirected
106,403,Undirected
107,404,Undirected
108,405,Undirected
109,406,Undirected
110,407,Undirected
111,408,Undirected
112,409,Undirected
113,410,Undirected
114,411,Undirected
115,412,Undirected
116,413,Undirected
117,414,Undirected
118,415,Undirected
119,416,Undirected
119,417,Undirected
120,418,Undirected
121,419,Undirected
122,420,Undirected
123,421,Undirected
124,422,Undirected
125,423,Undirected
126,424,Undirected
127,425,Undirected
128,426,Undirected
129,427,Undirected
130,428,Undirected
130,429,Undirected
131,430,Undirected
132,431,Undirected
133,432,Undirected
133,433,Undirected
134,434,Undirected
135,435,Undirected
135,436,Undirected
136,437,Undirected
137,438,Undirected
138,439,Undirected
139,440,Undirected
140,441,Undirected
141,442,Undirected
141,443,Undirected
142,444,Undirected
143,445,Undirected
144,446,Undirected
145,447,Undirected
146,448,Undirected
146,449,Undirected
147,450,Undirected
147,451,Undirected
148,452,Undirected
149,453,Undirected
149,454,Undirected
149,455,Undirected
149,456,Undirected
150,457,Undirected
151,458,Undirected
152,459,Undirected
152,460,Undirected
153,461,Undirected
154,462,Undirected
155,463,Undirected
155,464,Undirected
156,465,Undirected
157,466,Undirected
157,467,Undirected
158,468,Undirected
158,469,Undirected
158,470,Undirected
158,471,Undirected
159,472,Undirected
160,473,Undirected
160,474,Undirected
160,475,Undirected
161,476,Undirected
162,477,Undirected
163,478,Undirected
164,479,Undirected
165,480,Undirected
166,481,Undirected
167,482,Undirected
167,483,Undirected
168,484,Undirected
169,485,Undirected
170,486,Undirected
170,487,Undirected
171,488,Undirected
172,489,Undirected
173,490,Undirected
174,491,Undirected
175,492,Undirected
176,493,Undirected
177,494,Undirected
178,495,Undirected
179,496,Undirected
180,497,Undirected
181,498,Undirected
182,499,Undirected
183,500,Undirected
183,501,Undirected
215,559,Undirected
215,560,Undirected
215,561,Undirected
216,562,Undirected
217,563,Undirected
218,564,Undirected
218,565,Undirected
218,566,Undirected
219,567,Undirected
219,568,Undirected
220,569,Undirected
221,570,Undirected
222,571,Undirected
223,572,Undirected
224,573,Undirected
225,574,Undirected
225,575,Undirected
225,576,Undirected
226,577,Undirected
227,578,Undirected
228,579,Undirected
229,580,Undirected
230,581,Undirected
230,582,Undirected
230,583,Undirected
230,584,Undirected
230,585,Undirected
230,586,Undirected
230,587,Undirected
230,588,Undirected
231,589,Undirected
231,590,Undirected
231,591,Undirected
231,592,Undirected
232,593,Undirected
232,594,Undirected
232,595,Undirected
233,596,Undirected
234,597,Undirected
235,598,Undirected
236,599,Undirected
236,600,Undirected
237,601,Undirected
1,238,Undirected
2,239,Undirected
3,240,Undirected
4,241,Undirected
5,242,Undirected
6,243,Undirected
7,244,Undirected
8,245,Undirected
9,246,Undirected
10,247,Undirected
10,248,Undirected
11,249,Undirected
12,250,Undirected
12,251,Undirected
12,252,Undirected
12,253,Undirected
13,254,Undirected
14,255,Undirected
15,256,Undirected
16,257,Undirected
17,258,Undirected
18,259,Undirected
19,260,Undirected
19,261,Undirected
20,262,Undirected
21,263,Undirected
21,264,Undirected
21,265,Undirected
21,266,Undirected
21,267,Undirected
21,268,Undirected
22,269,Undirected
23,270,Undirected
24,271,Undirected
25,272,Undirected
26,273,Undirected
26,274,Undirected
26,275,Undirected
27,276,Undirected
28,277,Undirected
28,278,Undirected
29,279,Undirected
30,280,Undirected
31,281,Undirected
32,282,Undirected
32,283,Undirected
33,284,Undirected
34,285,Undirected
34,286,Undirected
35,287,Undirected
184,502,Undirected
185,503,Undirected
186,504,Undirected
187,505,Undirected
188,506,Undirected
189,507,Undirected
190,508,Undirected
191,509,Undirected
192,510,Undirected
193,511,Undirected
194,512,Undirected
195,513,Undirected
196,514,Undirected
197,515,Undirected
198,516,Undirected
199,517,Undirected
200,518,Undirected
201,519,Undirected
202,520,Undirected
202,521,Undirected
203,522,Undirected
203,523,Undirected
204,524,Undirected
204,525,Undirected
204,526,Undirected
204,527,Undirected
204,528,Undirected
204,529,Undirected
204,530,Undirected
204,531,Undirected
204,532,Undirected
204,533,Undirected
204,534,Undirected
204,535,Undirected
204,536,Undirected
204,537,Undirected
204,538,Undirected
204,539,Undirected
204,540,Undirected
205,541,Undirected
205,542,Undirected
205,543,Undirected
206,544,Undirected
207,545,Undirected
208,546,Undirected
209,547,Undirected
210,548,Undirected
211,549,Undirected
212,550,Undirected
213,551,Undirected
214,552,Undirected
215,553,Undirected
215,554,Undirected
215,555,Undirected
215,556,Undirected
215,557,Undirected
215,558,Undirected